Disease,Symptoms,Precautions,Medicines,Confidence,Severity
"Acne","pimples, blackheads, whiteheads, oily skin","Wash face twice daily, Avoid touching face","Benzoyl Peroxide, Salicylic Acid, Clindamycin",91%,"Low"
"Actinic_Keratosis","rough scaly patch, itching, burning","Avoid sun exposure, Use SPF 50+ sunscreen","Fluorouracil cream, Imiquimod, Diclofenac gel",96%,"High"
"Benign_tumors","non-cancerous skin growth, slow growing lump","Monitor for changes, Regular dermatology checkups","Consult dermatologist",94%,"Medium"
"Bullous","large fluid-filled blisters, itching, skin peeling","Do not pop blisters, Keep area dry and clean","Prednisone, Dapsone, Azathioprine",97%,"High"
"Candidiasis","red rash, itching, white patches","Keep skin dry and clean, Wear breathable clothing","Clotrimazole, Fluconazole, Miconazole",95%,"Medium"
"DrugEruption","skin rash after medication, hives, skin peeling","Stop the suspected medication, Report to doctor","Antihistamines, Corticosteroids",98%,"High"
"Eczema","dry itchy skin, redness, rashes","Moisturize regularly, Avoid harsh soaps","Hydrocortisone cream, Tacrolimus, Antihistamines",92%,"Medium"
"Infestations_Bites","red bumps, intense itching, rash","Keep home clean, Use insect repellent","Permethrin cream, Antihistamines, Hydrocortisone",90%,"Low"
"Lichen","purple flat-topped bumps, intense itching","Avoid scratching, Reduce stress","Corticosteroids, Retinoids, Antihistamines",93%,"Medium"
"Lupus","butterfly rash on face, joint pain, fever","Sun protection is critical, Regular blood tests","Hydroxychloroquine, Prednisone, Belimumab",99%,"High"
"Moles","dark brown spots, pigmented patches","Monitor for ABCDE changes, Annual checkup","Consult specialist",94%,"Low"
"Psoriasis","red patches with silvery scales, dry skin","Moisturize skin, Avoid triggers, Sunlight exposure","Coal tar, Salicylic acid, Etanercept",96%,"High"
"Rosacea","facial redness, visible blood vessels, bumps","Avoid spicy foods and alcohol, Use sun protection","Metronidazole, Azelaic acid",94%,"Medium"
"Tinea","ring-shaped rash, itching, skin peeling","Keep area dry, Don't share towels/clothing","Terbinafine, Ketoconazole",95%,"Low"
"Vitiligo","loss of skin color in patches, white areas","Protect depigmented skin from sun","Corticosteroids, Tacrolimus ointment",93%,"Low"
"Warts","small fleshy bumps, rough skin, tiny black dots","Avoid direct contact, Keep feet dry","Salicylic acid, Cryotherapy",91%,"Low"
"Melanoma","dark spot, changing mole, irregular borders","Consult dermatologist, Avoid sun exposure","Not applicable (Surgery/Specialist)",94%,"Emergency"
