Injury,Steps,Do,Dont,Confidence,Severity
"Abrasions","1. Rinse the wound gently under clean running water. 2. Apply antiseptic cream or lotion. 3. Cover with a sterile bandage or gauze.","Clean with clean water, Apply antiseptic, Keep wound covered","Do NOT use cotton on wound, Do NOT ignore deep abrasions, Do NOT scratch the scab",95%,"Low"
"Bruises","1. Apply an ice pack wrapped in cloth for 15-20 minutes. 2. Elevate the bruised area above heart level. 3. Rest the injured part.","Apply ice pack immediately, Elevate the limb, Rest the area","Do NOT apply ice directly to skin, Do NOT massage forcefully, Do NOT ignore if swelling increases",94%,"Low"
"Burns","1. Cool the burn under cool (not cold) running water for 10-20 minutes. 2. Cover with a clean non-fluffy material. 3. Seek medical attention for any serious burn.","Cool with running water, Cover loosely with cling film, Seek hospital if large burn","Do NOT use ice or iced water, Do NOT apply butter or toothpaste, Do NOT burst blisters",97%,"High"
"Cut","1. Apply direct pressure with a clean cloth or bandage. 2. Elevate the cut above heart level. 3. Clean with water, apply antiseptic, and cover with bandage.","Apply firm pressure, Elevate the wound, Get stitches for deep cuts","Do NOT remove embedded objects, Do NOT use fluffy cotton, Shave surroundings if needed",98%,"High"
"Ingrown_nails","1. Soak the foot in warm salty water for 15 minutes. 2. Gently lift the nail edge and place cotton under it. 3. Keep clean and dry.","Soak in warm water, Wear comfortable shoes, See a doctor if infected","Do NOT cut nails too short, Do NOT ignore signs of infection",90%,"Low"
"Laceration","1. Control bleeding by pressing a clean cloth firmly on the wound. 2. Do not remove the cloth. 3. Go to emergency room.","Apply firm steady pressure, Keep patient calm, Go to ER immediately","Do NOT probe the wound, Do NOT use a tourniquet unless severe",96%,"High"
"Stab_wound","1. Call 108 immediately. 2. Apply firm pressure around (not on) the wound. 3. Keep patient still and warm.","Call 108 immediately, Keep still, Apply pressure around wound","Do NOT remove the object if embedded, Do NOT give food or water",99%,"Emergency"
"Fracture","1. Immobilize the injured area. 2. Apply ice packs. 3. Keep still.","Immobilize, Ice pack, Calm patient","Do NOT try to realign bone, Do NOT move patient",94%,"High"
"Nosebleed","1. Sit upright and lean forward. 2. Pinch the soft part of the nose for 10-15 min. 3. Breathe through mouth.","Lean forward, Pinch nose, Breathe through mouth","Do NOT lean back, Do NOT blow nose",97%,"Low"
"Snake Bite","1. Keep still and calm. 2. Keep bitten area below heart level. 3. Get to hospital.","Stillness, Medical help, Below heart level","Do NOT cut wound, Do NOT suck venom",99%,"Emergency"
