name,address,city,district,phone,lat,lng,open24x7,type
"Gupta Medical Store","Civil Lines","Unnao","Unnao","9000000031",26.5510,80.4930,true,"store"
"Shree Medical Store","Unnao City","Unnao","Unnao","9000000032",26.5500,80.4900,true,"store"
"New Life Medical Store","Lok Nagar","Unnao","Unnao","9000000033",26.5600,80.4800,true,"store"
"Care Medical Agency","Civil Lines","Unnao","Unnao","9000000034",26.5515,80.4920,false,"store"
"Maa Medical Store","Gandhi Nagar","Unnao","Unnao","9000000035",26.5530,80.4880,true,"store"
"Chowk Medical Market","Chowk, Lucknow","Lucknow","Lucknow","N/A",26.8700,80.9100,true,"medical_market"
"Aminabad Pharmacy Hub","Aminabad, Lucknow","Lucknow","Lucknow","N/A",26.8450,80.9200,true,"medical_market"
"Hazratganj Medical Stores","Hazratganj, Lucknow","Lucknow","Lucknow","N/A",26.8500,80.9460,true,"medical_market"
"Alambagh Pharmacy Market","Alambagh, Lucknow","Lucknow","Lucknow","N/A",26.8000,80.9000,true,"medical_market"
"Gomti Nagar Medical Zone","Gomti Nagar, Lucknow","Lucknow","Lucknow","N/A",26.8502,81.0085,true,"medical_market"
"Indira Nagar Medical Stores","Indira Nagar, Lucknow","Lucknow","Lucknow","N/A",26.8900,81.0000,true,"medical_market"
"Aliganj Pharmacy Area","Aliganj, Lucknow","Lucknow","Lucknow","N/A",26.8850,80.9450,true,"medical_market"
"Charbagh Medical Stores","Charbagh, Lucknow","Lucknow","Lucknow","N/A",26.8330,80.9230,true,"medical_market"
