name,address,city,district,phone,lat,lng
"Kotwali Unnao","Unnao City","Unnao","Unnao","100",26.5500,80.4900
"Police Station Gangaghat","Gangaghat","Unnao","Unnao","112",26.5100,80.4000
"Police Station Safipur","Safipur","Unnao","Unnao","112",26.7400,80.3400
"Police Station Bangarmau","Bangarmau","Unnao","Unnao","112",26.8900,80.2100
"Police Station Purwa","Purwa","Unnao","Unnao","112",26.5800,80.5200
"Police Station Hasanganj","Hasanganj","Unnao","Unnao","112",26.7500,80.4100
"Police Station Nawabganj","Nawabganj","Unnao","Unnao","112",26.6200,80.3200
"Police Station Bighapur","Bighapur","Unnao","Unnao","112",26.3700,80.6100
"Kotwali Police Station","Kotwali","Kanpur","Kanpur Nagar","100",26.4750,80.3450
"Kakadeo Police Station","Kakadeo","Kanpur","Kanpur Nagar","112",26.4850,80.2950
"Govind Nagar Police Station","Govind Nagar","Kanpur","Kanpur Nagar","112",26.4450,80.3150
"Kidwai Nagar Police Station","Kidwai Nagar","Kanpur","Kanpur Nagar","112",26.4250,80.3350
"Nawabganj Police Station","Nawabganj","Kanpur","Kanpur Nagar","112",26.5050,80.3050
"Barra Police Station","Barra","Kanpur","Kanpur Nagar","112",26.4250,80.2750
"Kalyanpur Police Station","Kalyanpur","Kanpur","Kanpur Nagar","112",26.5150,80.2550
"Chakeri Police Station","Chakeri","Kanpur","Kanpur Nagar","112",26.4150,80.4050
"Panki Police Station","Panki","Kanpur","Kanpur Nagar","112",26.4550,80.2250
"Colonelganj Police Station","Colonelganj","Kanpur","Kanpur Nagar","112",26.4850,80.3350
"Hazratganj Police Station","Hazratganj","Lucknow","Lucknow","100",26.8500,80.9400
"Gomti Nagar Police Station","Gomti Nagar","Lucknow","Lucknow","112",26.8600,80.9900
"Aliganj Police Station","Aliganj","Lucknow","Lucknow","112",26.8900,80.9400
"Indira Nagar Police Station","Indira Nagar","Lucknow","Lucknow","112",26.8900,81.0000
"Mahanagar Police Station","Mahanagar","Lucknow","Lucknow","112",26.8800,80.9500
"Chowk Police Station","Chowk","Lucknow","Lucknow","112",26.8700,80.9100
"Kaiserbagh Police Station","Kaiserbagh","Lucknow","Lucknow","112",26.8550,80.9250
